Workbook

Sheet 表紙
B3: CLIENT | G3: A株式会社
B4: CONTRACTOR | G4: B株式会社
B6: TITLE | G6: パラメータシート_Linux(testsv01)
B8: 1 | D8: item1 | G8: PROJECT
D9: value | G9: UNK管理システム据付調整
B11: 2 | D11: item2 | G11: DOCUMENTNUMBER
D12: value | G12: FMS-25502
B14: 3 | D14: item3 | G14: SYSTEMNAME
D15: value | G15: UNK管理システム
B17: 4 | D17: item4 | G17: DOCUMENTNAME
D18: value | G18: パラメータシート_Linux(testsv01)
C26: =IF(ISBLANK($G$3),"",$G$3) -> A株式会社 | AP26: 文書管理番号
AP28: =IF(ISBLANK($G$12),"",$G$12) -> FMS-25502
H35: =IF(ISBLANK(G6),"",G6) -> パラメータシート_Linux(testsv01)
K51: =MAX(改版履歴!C8:G36) -> 1
K53: =MAX(改版履歴!H8:M36) -> 45757
I55: =G4 -> B株式会社

Sheet 改版履歴
A1: 文書管理番号 | T1: 文書名 | AP1: 版数 | AS1: 改版日 | AX1: 改版者 | BD1: 作成日 | BI1: 作成者
A2: =表紙!G12 -> FMS-25502 | T2: =表紙!G18 -> パラメータシート_Linux(testsv01) | AP2: =MAX(C8:G36) -> 1 | AS2: =VLOOKUP(AP2,C8:BG36,6,TRUE) -> 45757 | AX2: =VLOOKUP(AP2,C8:BG36,52,TRUE) -> 唐澤貴洋 | BD2: =H8 -> 45757 | BI2: =BB8 -> 唐澤貴洋
B5: 改版履歴
C7: 版数 | H7: 更新日 | N7: 更新箇所 | X7: 更新内容 | BB7: 担当
C8: 1 | H8: 45757 | N8: AA | BB8: 唐澤貴洋

Sheet 目次
A1: 文書管理番号 | T1: 文書名 | AP1: 版数 | AS1: 改版日 | AX1: 改版者 | BD1: 作成日 | BI1: 作成者
A2: =表紙!G12 -> FMS-25502 | T2: =表紙!G18 -> パラメータシート_Linux(testsv01) | AP2: =改版履歴!$AP$2 -> 1 | AS2: =改版履歴!$AS$2 -> 45757 | AX2: =改版履歴!$AX$2 -> 唐澤貴洋 | BD2: =改版履歴!$BD$2 -> 45757 | BI2: =改版履歴!$BI$2 -> 唐澤貴洋
B5: 目次

Sheet sheet1
A1: 文書管理番号 | T1: 文書名 | AP1: 版数 | AS1: 改版日 | AX1: 改版者 | BD1: 作成日 | BI1: 作成者
A2: =表紙!G12 -> FMS-25502 | T2: =表紙!G18 -> パラメータシート_Linux(testsv01) | AP2: =改版履歴!$AP$2 -> 1 | AS2: =改版履歴!$AS$2 -> 45757 | AX2: =改版履歴!$AX$2 -> 唐澤貴洋 | BD2: =改版履歴!$BD$2 -> 45757 | BI2: =改版履歴!$BI$2 -> 唐澤貴洋
